image,truth,identity
000010.png,False,7173
000028.png,False,1567
000216.png,False,5792
000361.png,False,4367
000493.png,False,871
000499.png,False,8455
000550.png,False,7831
000583.png,False,1308
000600.png,False,9433
000898.png,False,5013
000911.png,False,4055
001148.png,False,229
001358.png,False,4664
001590.png,False,6906
001668.png,False,1051
002326.png,False,1673
002525.png,False,10053
002551.png,False,229
002563.png,False,5787
002760.png,False,15
003038.png,False,1308
003086.png,False,9886
003158.png,False,3004
003403.png,False,8051
003448.png,False,172
003491.png,False,2339
003513.png,False,229
003748.png,False,1051
004045.png,False,4055
004124.png,False,898
004349.png,False,15
004448.png,False,6258
004465.png,False,6074
004513.png,False,1673
004541.png,False,2935
004666.png,False,6074
005091.png,False,7915
005203.png,False,871
005299.png,False,298
005600.png,False,3670
005766.png,False,7915
005927.png,False,3984
005987.png,False,6074
006131.png,False,7450
006139.png,False,6997
006272.png,False,1673
006910.png,False,1337
007338.png,False,7804
007398.png,False,6258
007523.png,False,6074
007604.png,False,8455
007612.png,False,6069
007765.png,False,6258
008389.png,False,3984
008578.png,False,3984
008585.png,False,4463
008624.png,False,3742
008951.png,False,8650
008971.png,False,8650
009060.png,False,1295
009084.png,False,97
009176.png,False,6074
009289.png,False,6997
009426.png,False,2159
009681.png,False,97
010021.png,False,5841
010061.png,False,2729
010274.png,False,4055
010406.png,False,871
010435.png,False,4568
010516.png,False,1673
010542.png,False,9433
010715.png,False,298
010870.png,False,4544
010884.png,False,898
010888.png,False,736
011017.png,False,97
011178.png,False,2729
011256.png,False,2339
011312.png,False,1295
011343.png,False,3742
011408.png,False,1337
011701.png,False,6074
011999.png,False,3669
012183.png,False,229
012364.png,False,1673
012383.png,False,229
012408.png,False,3984
012589.png,False,8051
012662.png,False,871
012724.png,False,6258
012794.png,False,1295
012876.png,False,6258
012883.png,False,3669
012923.png,False,4055
013109.png,False,1004
013138.png,False,5013
013297.png,False,5787
013539.png,False,1433
013855.png,False,1673
013954.png,False,4463
013970.png,False,4568
013976.png,False,7915
013983.png,False,3742
014179.png,False,5736
014221.png,False,5846
014316.png,False,3670
014430.png,False,8455
014583.png,False,898
014631.png,False,4055
014818.png,False,3669
014959.png,False,5736
015123.png,False,1433
015126.png,False,4055
015133.png,False,5787
015346.png,False,4055
015362.png,False,910
015457.png,False,1004
015877.png,False,3716
016045.png,False,5013
016319.png,False,5236
016617.png,False,736
016709.png,False,1295
016795.png,False,3736
017052.png,False,1051
017100.png,False,9433
017369.png,False,97
017807.png,False,8802
017861.png,False,1673
018220.png,False,6074
018242.png,False,4664
018538.png,False,4055
018787.png,False,229
019192.png,False,3716
019237.png,False,4638
019455.png,False,8802
019469.png,False,910
019885.png,False,5013
020339.png,False,3669
020342.png,False,1673
020364.png,False,1433
020684.png,False,4664
020747.png,False,1673
020943.png,False,1004
021154.png,False,4055
021448.png,False,3716
021672.png,False,97
021761.png,False,2939
021869.png,False,6258
021948.png,False,898
021978.png,False,3669
022152.png,False,6074
022156.png,False,298
022870.png,False,7915
023098.png,False,5787
023353.png,False,5736
023404.png,False,871
023669.png,False,1308
023726.png,False,2729
023764.png,False,4463
024049.png,False,303
024112.png,False,6074
024145.png,False,303
024214.png,False,9625
024365.png,False,97
024404.png,False,303
024447.png,False,4544
024782.png,False,6997
024848.png,False,871
024915.png,False,97
025075.png,False,6074
025567.png,False,303
025807.png,False,1308
026008.png,False,3716
026019.png,False,3670
026072.png,False,229
026244.png,False,5846
026437.png,False,6107
026749.png,False,4664
026794.png,False,6891
026836.png,False,6074
026982.png,False,5787
027020.png,False,2339
027119.png,False,5792
027147.png,False,303
027267.png,False,1673
027469.png,False,8455
027485.png,False,4463
027715.png,False,172
027800.png,False,6107
027814.png,False,871
027846.png,False,97
027877.png,False,303
027952.png,False,898
028068.png,False,3736
028146.png,False,7173
029002.png,False,3736
029603.png,False,3716
029700.png,False,7450
029708.png,False,2339
029805.png,False,229
029891.png,False,7831
029902.png,False,6107
029971.png,False,6074
030234.png,False,4463
030287.png,False,898
030289.png,False,2729
030322.png,False,2729
030554.png,False,15
030732.png,False,5013
030857.png,False,910
031042.png,False,612
031193.png,False,3670
031230.png,False,4664
031514.png,False,871
031539.png,False,3736
031740.png,False,8455
032024.png,False,172
032035.png,False,1004
032215.png,False,5787
032485.png,False,4570
032733.png,False,9886
032814.png,False,1308
032930.png,False,9625
033031.png,False,898
033049.png,False,612
033057.png,False,6074
033204.png,False,6997
033326.png,False,4638
033524.png,False,4896
033578.png,False,4367
034094.png,False,1308
034193.png,False,8802
034393.png,False,5013
034417.png,False,7804
034482.png,False,4055
034555.png,False,4055
034580.png,False,5841
035014.png,False,5013
035089.png,False,1295
035328.png,False,4055
035614.png,False,5787
035902.png,False,1308
036327.png,False,9535
036434.png,False,5841
036578.png,False,7915
036793.png,False,1308
037271.png,False,15
037455.png,False,6074
037474.png,False,97
037559.png,False,5736
037606.png,False,910
037792.png,False,5013
038202.png,False,5236
038237.png,False,3716
038942.png,False,2729
039369.png,False,7450
039600.png,False,1051
039647.png,False,2159
039880.png,False,9886
039987.png,False,8802
040059.png,False,6074
040085.png,False,3669
040233.png,False,1308
040569.png,False,4463
040578.png,False,8455
040744.png,False,1337
041049.png,False,9433
041120.png,False,4055
041182.png,False,4055
041334.png,False,229
041450.png,False,3669
041563.png,False,6074
041678.png,False,1673
041719.png,False,97
042048.png,False,1051
042347.png,False,97
042375.png,False,7450
042409.png,False,2729
042536.png,False,6074
042789.png,False,5736
042813.png,False,5013
042937.png,False,6258
042959.png,False,5736
043191.png,False,6074
043279.png,False,6258
043375.png,False,871
043650.png,False,3742
043676.png,False,5013
043711.png,False,1673
043728.png,False,4055
043736.png,False,1673
044398.png,False,612
044635.png,False,2935
044689.png,False,1673
044711.png,False,7173
044900.png,False,1337
045018.png,False,7173
045181.png,False,2339
045474.png,False,3670
045541.png,False,8650
045664.png,False,1004
045947.png,False,8802
046017.png,False,6891
046238.png,False,2729
046239.png,False,15
046495.png,False,612
046526.png,False,8455
046555.png,False,2339
047190.png,False,5787
047385.png,False,1824
047435.png,False,5841
047465.png,False,5236
047646.png,False,6074
047662.png,False,6129
047709.png,False,303
047838.png,False,4664
048158.png,False,97
048565.png,False,4664
048609.png,False,3736
048787.png,False,1673
048931.png,False,1337
049238.png,False,8802
049249.png,False,1308
049433.png,False,4568
049757.png,False,7915
049887.png,False,9886
049986.png,False,97
050028.png,False,5013
050284.png,False,3670
050455.png,False,4544
050686.png,False,15
051080.png,False,4055
051267.png,False,736
051336.png,False,1337
051572.png,False,3004
051580.png,False,1663
051611.png,False,2159
051625.png,False,8455
051781.png,False,1673
052204.png,False,6258
052498.png,False,1433
052562.png,False,7915
052936.png,False,4055
052988.png,False,3670
053009.png,False,97
053249.png,False,3984
053655.png,False,1004
053671.png,False,229
053672.png,False,5841
053769.png,False,1337
053797.png,False,6129
053815.png,False,3004
053874.png,False,1673
054329.png,False,2935
054870.png,False,8650
054881.png,False,7173
054987.png,False,6997
055227.png,False,4664
055484.png,False,4055
055742.png,False,3669
055779.png,False,15
055784.png,False,7803
055836.png,False,2729
056011.png,False,3669
056134.png,False,3984
056137.png,False,612
056219.png,False,6129
056432.png,False,7173
056460.png,False,1337
056538.png,False,4754
056546.png,False,3670
056572.png,False,8455
056682.png,False,5013
056750.png,False,4544
056866.png,False,1004
057051.png,False,8455
057082.png,False,9066
057110.png,False,97
057175.png,False,3736
057926.png,False,3670
057968.png,False,8455
058004.png,False,736
058576.png,False,8455
058621.png,False,1824
058681.png,False,6258
058920.png,False,5402
058943.png,False,1051
058981.png,False,4055
059135.png,False,1051
059244.png,False,3742
059360.png,False,10053
059371.png,False,1308
059567.png,False,612
059681.png,False,7915
059900.png,False,97
059920.png,False,5013
059940.png,False,9433
059993.png,False,9886
060461.png,False,1673
060517.png,False,1308
060742.png,False,3670
060781.png,False,7450
060861.png,False,6074
060906.png,False,6997
060938.png,False,9273
060940.png,False,1004
061297.png,False,7804
061304.png,False,1051
061494.png,False,4055
061626.png,False,4570
061845.png,False,612
061905.png,False,4568
061962.png,False,229
062193.png,False,298
062373.png,False,6997
062706.png,False,4896
062753.png,False,229
062931.png,False,9066
063015.png,False,9535
063028.png,False,1308
063183.png,False,298
063281.png,False,1295
063407.png,False,7915
063417.png,False,4463
063584.png,False,229
063668.png,False,97
063692.png,False,612
063784.png,False,5846
063792.png,False,1308
063952.png,False,6997
064013.png,False,5013
064180.png,False,4638
064254.png,False,6074
064682.png,False,6906
064708.png,False,4570
065135.png,False,9886
065165.png,False,1433
065199.png,False,1295
065200.png,False,97
065292.png,False,4664
065413.png,False,1308
065776.png,False,5236
065863.png,False,1337
066043.png,False,6074
066174.png,False,1051
066231.png,False,303
066279.png,False,1308
066728.png,False,1337
066903.png,False,4055
067059.png,False,2339
067324.png,False,172
067490.png,False,1673
067518.png,False,5013
067580.png,False,3716
067635.png,False,1673
067639.png,False,1004
067654.png,False,6107
068077.png,False,298
068238.png,False,871
068318.png,False,4463
068473.png,False,4896
068547.png,False,9886
068563.png,False,1308
068662.png,False,6074
068664.png,False,3984
068677.png,False,2729
068749.png,False,7804
068863.png,False,229
069017.png,False,7915
069581.png,False,4664
069642.png,False,1004
069687.png,False,1567
069779.png,False,2339
070196.png,False,8455
070317.png,False,8455
070356.png,False,172
070897.png,False,6074
071046.png,False,1004
071112.png,False,1308
071188.png,False,4664
071449.png,False,97
071628.png,False,4896
071931.png,False,1051
071999.png,False,6258
072260.png,False,1004
072306.png,False,4055
072622.png,False,97
072834.png,False,1673
072894.png,False,5792
073044.png,False,6258
073255.png,False,5787
073332.png,False,9625
073504.png,False,1673
073773.png,False,910
073954.png,False,6997
073973.png,False,1004
074113.png,False,7804
074502.png,False,7450
074822.png,False,4896
074956.png,False,898
074982.png,False,5846
075029.png,False,1004
075170.png,False,229
075399.png,False,6074
075405.png,False,3984
075461.png,False,3670
075625.png,False,1051
075650.png,False,5236
075744.png,False,7915
075829.png,False,9433
075838.png,False,8802
075891.png,False,4367
076176.png,False,4463
076194.png,False,6074
076265.png,False,5787
076953.png,False,3716
077157.png,False,1004
077229.png,False,1295
077322.png,False,9886
077345.png,False,3984
077668.png,False,4055
077817.png,False,2159
078173.png,False,172
078250.png,False,871
078407.png,False,4664
078434.png,False,4055
078896.png,False,229
079578.png,False,2729
080086.png,False,8650
080146.png,False,229
080203.png,False,1004
080470.png,False,7915
080729.png,False,5013
080877.png,False,1337
080970.png,False,6107
081007.png,False,5787
081050.png,False,478
081138.png,False,6074
081176.png,False,229
081309.png,False,6891
081428.png,False,97
081580.png,False,3984
081618.png,False,5236
081622.png,False,612
081691.png,False,3716
082222.png,False,5013
082397.png,False,6997
082438.png,False,5236
082442.png,False,4754
082529.png,False,736
082766.png,False,4568
083163.png,False,97
083205.png,False,1051
083330.png,False,7173
083501.png,False,5013
083724.png,False,97
084267.png,False,1337
084359.png,False,5846
084662.png,False,8650
084674.png,False,5013
084736.png,False,1673
084843.png,False,2935
084849.png,False,8455
084855.png,False,2729
085073.png,False,9066
085119.png,False,4544
085414.png,False,7915
085417.png,False,1004
085669.png,False,4367
085693.png,False,4367
085806.png,False,10053
085989.png,False,1004
086205.png,False,1673
086382.png,False,6906
086614.png,False,5787
086650.png,False,6074
086942.png,False,4055
087062.png,False,910
087108.png,False,4568
087453.png,False,8455
087476.png,False,7173
087621.png,False,97
087701.png,False,1337
087752.png,False,2339
087783.png,False,1004
087898.png,False,4544
087930.png,False,6074
087971.png,False,7831
087989.png,False,1673
088182.png,False,7173
088341.png,False,3984
089101.png,False,298
089789.png,False,5736
090146.png,False,97
090158.png,False,3669
090164.png,False,4544
090168.png,False,6997
090587.png,False,15
090604.png,False,910
090692.png,False,5236
090747.png,False,8455
090815.png,False,7173
090854.png,False,1308
090906.png,False,6258
090912.png,False,7450
091066.png,False,4664
091306.png,False,1433
091333.png,False,7915
091335.png,False,898
091601.png,False,8802
091949.png,False,4568
091960.png,False,3984
092009.png,False,229
092100.png,False,1308
092124.png,False,8455
092343.png,False,7450
092362.png,False,4664
092452.png,False,5013
092636.png,False,2339
092680.png,False,4568
092709.png,False,172
092904.png,False,97
093127.png,False,229
093295.png,False,4664
093601.png,False,1824
093795.png,False,4544
093959.png,False,6997
093992.png,False,172
094008.png,False,3004
094509.png,False,5787
094563.png,False,910
094638.png,False,303
094839.png,False,1673
095039.png,False,4568
095072.png,False,9433
095118.png,False,1673
095168.png,False,3670
095210.png,False,2339
095245.png,False,4664
095301.png,False,229
095449.png,False,7915
096199.png,False,6997
096255.png,False,3669
096277.png,False,4055
096535.png,False,612
096568.png,False,898
097178.png,False,871
097365.png,False,4055
097513.png,False,97
097825.png,False,9535
098265.png,False,9886
098457.png,False,1673
098562.png,False,5792
098599.png,False,229
099012.png,False,1673
099061.png,False,4754
099209.png,False,9273
099273.png,False,4568
099321.png,False,1337
099369.png,False,5787
099473.png,False,4055
099497.png,False,1051
099640.png,False,1308
099791.png,False,4055
099963.png,True,4463
100197.png,True,7804
100400.png,True,8802
100549.png,True,7173
100689.png,True,871
100712.png,True,9625
100744.png,True,303
100981.png,True,612
101116.png,True,3669
101159.png,True,1567
101217.png,True,898
101384.png,True,7450
101398.png,True,6997
101429.png,True,7915
101603.png,True,5236
101848.png,True,1337
102032.png,True,4568
102057.png,True,3669
102199.png,True,1337
102399.png,True,3670
102565.png,True,5736
102588.png,True,5736
102737.png,True,612
102881.png,True,5236
102931.png,True,1433
103009.png,True,1433
103093.png,True,612
103112.png,True,5236
103192.png,True,172
103274.png,True,2729
103415.png,True,1337
103427.png,True,4463
103603.png,True,9886
103990.png,True,898
104057.png,True,7915
104096.png,True,1337
104137.png,True,9535
104149.png,True,4664
104192.png,True,4638
104328.png,True,2729
104490.png,True,1295
104893.png,True,3742
105293.png,True,3670
105615.png,True,172
105648.png,True,6129
105658.png,True,4463
105709.png,True,6997
105761.png,True,9886
105998.png,True,910
106023.png,True,4463
106036.png,True,3669
106095.png,True,3736
106394.png,True,1337
106546.png,True,3004
106561.png,True,3670
106577.png,True,7173
106667.png,True,3004
106819.png,True,2729
107226.png,True,1051
107284.png,True,4568
107293.png,True,612
107332.png,True,3984
107434.png,True,910
107449.png,True,4568
107740.png,True,2159
107746.png,True,6107
107841.png,True,2935
108128.png,True,4463
108394.png,True,1337
108403.png,True,8650
108569.png,True,303
108691.png,True,2729
108906.png,True,612
109042.png,True,5792
109074.png,True,303
109231.png,True,4463
109240.png,True,8650
109732.png,True,5841
109787.png,True,8051
109799.png,True,7450
109822.png,True,2729
109832.png,True,5787
109835.png,True,4544
110312.png,True,3742
110662.png,True,871
110694.png,True,898
110728.png,True,172
110928.png,True,4664
111039.png,True,4544
111163.png,True,172
111186.png,True,7915
111343.png,True,1337
111372.png,True,1824
111400.png,True,3670
111517.png,True,5841
111608.png,True,7450
111904.png,True,15
111947.png,True,7173
112022.png,True,2159
112096.png,True,5792
112269.png,True,303
112326.png,True,5787
112552.png,True,1051
112728.png,True,7915
112989.png,True,3984
113074.png,True,8802
113248.png,True,1337
113369.png,True,2159
113559.png,True,3670
113587.png,True,6997
113611.png,True,1337
114414.png,True,3670
114676.png,True,2339
115075.png,True,9066
115077.png,True,3669
115269.png,True,1051
115633.png,True,3984
115713.png,True,172
115720.png,True,5841
115783.png,True,9433
115809.png,True,172
115906.png,True,8650
116606.png,True,6997
116883.png,True,1051
117148.png,True,4570
117433.png,True,8802
117506.png,True,5736
117541.png,True,2935
117617.png,True,2339
118063.png,True,9625
118245.png,True,612
118254.png,True,871
118309.png,True,612
118496.png,True,910
118498.png,True,15
118521.png,True,871
118546.png,True,7915
118720.png,True,3984
118756.png,True,5787
119126.png,True,9066
119188.png,True,7450
119266.png,True,15
119273.png,True,1051
119411.png,True,7804
119459.png,True,8802
119465.png,True,3669
119675.png,True,6107
119689.png,True,4754
119754.png,True,2159
120131.png,True,5736
120234.png,True,2339
120414.png,True,7803
120531.png,True,3984
120608.png,True,4664
120671.png,True,4463
120793.png,True,9886
120804.png,True,4544
120812.png,True,5792
121485.png,True,6997
121861.png,True,2729
122166.png,True,5846
122274.png,True,1295
122359.png,True,4367
122395.png,True,5787
122482.png,True,5787
122509.png,True,4754
122539.png,True,7173
122887.png,True,6906
122898.png,True,1051
122954.png,True,6069
123020.png,True,5787
123183.png,True,3669
123215.png,True,9886
123218.png,True,4463
123228.png,True,3984
123308.png,True,1295
123337.png,True,10053
123718.png,True,172
123782.png,True,898
124110.png,True,4664
124558.png,True,9433
124625.png,True,871
124764.png,True,871
124871.png,True,3742
124899.png,True,3669
124941.png,True,2339
125130.png,True,4544
125204.png,True,1295
125483.png,True,15
125726.png,True,5787
125815.png,True,4570
126149.png,True,898
126155.png,True,6906
126177.png,True,612
126248.png,True,5787
126675.png,True,2729
126858.png,True,3984
126923.png,True,4664
126925.png,True,4367
126949.png,True,3736
127006.png,True,4638
127151.png,True,8650
127463.png,True,8802
127647.png,True,5236
127739.png,True,7915
127891.png,True,9433
127912.png,True,9433
128056.png,True,3742
128174.png,True,5846
128235.png,True,7915
128828.png,True,3670
129238.png,True,7915
129443.png,True,4568
129573.png,True,5236
129784.png,True,2339
129813.png,True,6906
129940.png,True,3004
130019.png,True,4568
130111.png,True,3670
130193.png,True,1824
130227.png,True,1337
130387.png,True,4544
130409.png,True,612
130459.png,True,1567
130474.png,True,1824
130933.png,True,898
131010.png,True,5236
131109.png,True,1433
131167.png,True,5787
131433.png,True,4664
131605.png,True,6107
131735.png,True,1433
131894.png,True,7804
131962.png,True,7450
132017.png,True,5841
132118.png,True,898
132130.png,True,7173
132148.png,True,15
132214.png,True,1295
132264.png,True,7915
132577.png,True,5846
133123.png,True,172
133540.png,True,6997
133677.png,True,4367
133770.png,True,5787
133970.png,True,4664
134110.png,True,9625
134156.png,True,8802
134262.png,True,4664
134455.png,True,8650
134614.png,True,3670
135000.png,True,1433
135269.png,True,1295
135430.png,True,4664
135450.png,True,5402
135613.png,True,4463
135869.png,True,4568
136104.png,True,3669
136581.png,True,3984
136650.png,True,7804
137419.png,True,5787
137466.png,True,172
137672.png,True,1051
137686.png,True,4367
137752.png,True,7173
137863.png,True,7173
137883.png,True,4638
137893.png,True,9886
137981.png,True,4664
138073.png,True,7915
138250.png,True,7450
138377.png,True,2339
138594.png,True,1051
138899.png,True,3742
139213.png,True,303
139248.png,True,6997
139426.png,True,7450
140117.png,True,1337
140399.png,True,871
140436.png,True,2729
140800.png,True,5792
140870.png,True,898
140925.png,True,7173
141205.png,True,10053
141490.png,True,7915
141550.png,True,9433
141636.png,True,3736
141792.png,True,5236
141848.png,True,1337
142074.png,True,6997
142199.png,True,2729
142330.png,True,15
142331.png,True,6997
142541.png,True,3669
142575.png,True,5787
142612.png,True,3736
143496.png,True,7915
143877.png,True,2339
143992.png,True,5736
144054.png,True,5787
144487.png,True,4664
144594.png,True,9886
144951.png,True,612
145026.png,True,7173
145158.png,True,6107
145178.png,True,9625
145424.png,True,4367
145473.png,True,6997
145577.png,True,1433
145619.png,True,8650
145673.png,True,4568
146214.png,True,6997
146473.png,True,898
146759.png,True,5846
146946.png,True,7915
146962.png,True,7804
146978.png,True,303
147017.png,True,871
147085.png,True,3984
147429.png,True,9273
147495.png,True,4544
147545.png,True,8802
147708.png,True,4664
147963.png,True,871
148062.png,True,15
148162.png,True,9886
148435.png,True,3004
148512.png,True,4544
148620.png,True,5787
148864.png,True,1051
148885.png,True,3669
149126.png,True,15
149163.png,True,2935
149213.png,True,8051
149326.png,True,4664
149509.png,True,4568
150133.png,True,1051
150156.png,True,5846
150443.png,True,910
150558.png,True,9535
150626.png,True,910
150815.png,True,3736
151173.png,True,303
151190.png,True,10053
151464.png,True,9886
151633.png,True,8802
151645.png,True,4754
151978.png,True,7450
152324.png,True,6997
152521.png,True,898
152677.png,True,6129
152926.png,True,4568
152971.png,True,3984
153189.png,True,1337
153238.png,True,2339
153312.png,True,1295
153423.png,True,6997
153576.png,True,3984
153644.png,True,1295
154075.png,True,871
154284.png,True,2729
154403.png,True,7173
154436.png,True,910
154665.png,True,9066
155753.png,True,3670
155755.png,True,4664
155760.png,True,1051
156095.png,True,1051
156285.png,True,4664
156798.png,True,910
156860.png,True,5736
157176.png,True,871
157234.png,True,2339
157251.png,True,2339
157442.png,True,4664
157488.png,True,3736
157489.png,True,2339
157742.png,True,4570
157991.png,True,2729
158139.png,True,2729
158250.png,True,4544
158352.png,True,6129
158445.png,True,6107
158469.png,True,3670
158531.png,True,9886
158830.png,True,1663
158857.png,True,9433
159332.png,True,4568
159795.png,True,9433
159842.png,True,6997
159906.png,True,303
159945.png,True,7915
159995.png,True,2935
160031.png,True,15
160052.png,True,2729
160261.png,True,7915
160379.png,True,871
160421.png,True,5787
160623.png,True,3669
160744.png,True,5841
160824.png,True,9535
160970.png,True,303
161013.png,True,5736
161023.png,True,3984
161031.png,True,4544
161107.png,True,1337
161407.png,True,910
161722.png,True,5236
161806.png,True,1051
162113.png,True,3670
162148.png,True,9273
162719.png,True,3984
162839.png,True,97
162856.png,True,229
162915.png,True,1673
163231.png,True,3716
163237.png,True,4055
163469.png,True,1673
163633.png,True,4055
163822.png,True,1308
164327.png,True,1673
164656.png,True,1673
164753.png,True,1673
164778.png,True,4055
164972.png,True,4055
165078.png,True,97
165139.png,True,736
165298.png,True,1308
165377.png,True,4055
165396.png,True,4055
165458.png,True,1673
165608.png,True,298
165892.png,True,4055
165974.png,True,2939
166056.png,True,4896
166067.png,True,97
166268.png,True,229
166343.png,True,3716
166355.png,True,1308
166371.png,True,1308
166453.png,True,1673
166577.png,True,1004
166640.png,True,4055
167052.png,True,4055
167113.png,True,1004
167260.png,True,1673
167309.png,True,4896
167474.png,True,97
167519.png,True,1308
167737.png,True,1308
167932.png,True,1673
167957.png,True,4896
168008.png,True,1308
168140.png,True,97
168292.png,True,229
168536.png,True,4055
168673.png,True,4055
168696.png,True,1673
168869.png,True,736
169109.png,True,4055
169226.png,True,97
169391.png,True,1673
169400.png,True,4055
169496.png,True,3716
169597.png,True,4896
169626.png,True,97
169648.png,True,97
169714.png,True,1673
169833.png,True,1308
170031.png,True,298
170126.png,True,4055
170135.png,True,229
170274.png,True,3716
170673.png,True,229
170702.png,True,229
170785.png,True,97
170950.png,True,1004
170960.png,True,1004
170982.png,True,4055
171162.png,True,97
171421.png,True,1004
171425.png,True,1673
171521.png,True,3716
171570.png,True,97
171614.png,True,4055
171904.png,True,1004
172085.png,True,4055
172111.png,True,298
172479.png,True,298
172633.png,True,1673
172800.png,True,1673
172877.png,True,1308
172902.png,True,3716
172931.png,True,229
173056.png,True,1308
173136.png,True,97
173169.png,True,298
173251.png,True,4055
173336.png,True,1308
173474.png,True,1004
173764.png,True,1673
173804.png,True,229
173821.png,True,1308
173886.png,True,736
173934.png,True,1004
174037.png,True,1673
174098.png,True,97
174201.png,True,97
174217.png,True,1308
174308.png,True,3716
174377.png,True,3716
174495.png,True,1004
174637.png,True,4055
174786.png,True,1308
174787.png,True,1004
174899.png,True,229
174972.png,True,97
174989.png,True,1004
175071.png,True,97
175114.png,True,97
175209.png,True,736
175330.png,True,1673
175390.png,True,4896
175883.png,True,97
175979.png,True,1308
176178.png,True,1673
176280.png,True,1673
176420.png,True,4055
176585.png,True,229
176771.png,True,229
176801.png,True,1673
176821.png,True,4055
176975.png,True,229
177135.png,True,97
177159.png,True,298
177205.png,True,229
177235.png,True,1308
177452.png,True,736
177636.png,True,1673
177650.png,True,229
177656.png,True,97
177659.png,True,97
177743.png,True,1004
177749.png,True,4055
177777.png,True,1673
177802.png,True,229
177821.png,True,4055
177867.png,True,1673
177963.png,True,1004
178043.png,True,1004
178056.png,True,229
178110.png,True,4055
178187.png,True,298
178246.png,True,229
178294.png,True,4055
178452.png,True,4055
178534.png,True,1673
178977.png,True,1673
179261.png,True,1004
179365.png,True,1308
179369.png,True,1004
179677.png,True,1308
179817.png,True,229
179824.png,True,1673
179871.png,True,229
179904.png,True,229
179961.png,True,1004
180056.png,True,1308
180366.png,True,97
180420.png,True,97
180485.png,True,1673
180546.png,True,4055
180757.png,True,97
180781.png,True,1308
181225.png,True,97
181293.png,True,478
181362.png,True,229
181585.png,True,1673
181698.png,True,97
181803.png,True,4055
181861.png,True,1004
181973.png,True,1308
181975.png,True,97
182105.png,True,4055
182156.png,True,1004
182218.png,True,3716
182403.png,True,229
183888.png,True,6074
184304.png,True,6891
184528.png,True,8455
184694.png,True,6074
185447.png,True,8455
185476.png,True,6074
185556.png,True,6074
185710.png,True,6074
186323.png,True,6074
186333.png,True,6074
186400.png,True,6074
188204.png,True,6074
188350.png,True,6074
188352.png,True,5013
188432.png,True,8455
188951.png,True,5013
189027.png,True,8455
189057.png,True,5013
189221.png,True,6258
189319.png,True,8455
189341.png,True,6258
189413.png,True,6074
189615.png,True,8455
189752.png,True,6074
190079.png,True,5013
190190.png,True,5013
190352.png,True,8455
190578.png,True,5013
190631.png,True,6258
190732.png,True,6074
190745.png,True,5013
190931.png,True,6074
191109.png,True,6258
191513.png,True,5013
191612.png,True,6074
191741.png,True,8455
192104.png,True,6074
192494.png,True,8455
192513.png,True,6074
192551.png,True,6074
192613.png,True,6258
192652.png,True,8455
192698.png,True,7831
192935.png,True,8455
193220.png,True,8455
193368.png,True,6258
193374.png,True,6074
193798.png,True,6074
193802.png,True,6891
193989.png,True,6074
194041.png,True,5013
194309.png,True,5013
194356.png,True,8455
194683.png,True,5013
194725.png,True,6074
194859.png,True,6074
195167.png,True,7831
195352.png,True,6258
195533.png,True,6258
195637.png,True,6074
195937.png,True,6074
195957.png,True,5013
196050.png,True,6258
196283.png,True,6074
196304.png,True,6258
196536.png,True,5013
197085.png,True,8455
197576.png,True,5013
197683.png,True,5013
198060.png,True,8455
198388.png,True,6258
198694.png,True,8455
198911.png,True,7831
198954.png,True,6074
199199.png,True,5013
199380.png,True,6074
199602.png,True,8455
199777.png,True,5013
199887.png,True,6258
199910.png,True,5013
201233.png,True,8455
201335.png,True,6258
201507.png,True,6074
202086.png,True,5013
202142.png,True,5013
202373.png,True,6891
