image,identity
102345.jpg,9
005007.jpg,19
037345.jpg,98
018307.jpg,283
180835.jpg,460
081350.jpg,565
119384.jpg,667
106299.jpg,689
137475.jpg,746
051364.jpg,764
047288.jpg,817
054801.jpg,964
099259.jpg,1126
019474.jpg,1134
018769.jpg,1145
012958.jpg,1218
089967.jpg,1339
180983.jpg,1677
169471.jpg,1755
144078.jpg,1907
173901.jpg,2107
003822.jpg,2156
049235.jpg,2361
041410.jpg,2577
157183.jpg,2615
142786.jpg,2687
151691.jpg,3046
049122.jpg,3142
153016.jpg,3147
029458.jpg,3425
091725.jpg,3499
004669.jpg,3511
142197.jpg,3575
027380.jpg,3783
136536.jpg,4002
050529.jpg,4025
170389.jpg,4158
136821.jpg,4605
076535.jpg,4625
152490.jpg,4975
082599.jpg,5001
145479.jpg,5250
000068.jpg,5300
101827.jpg,5399
159232.jpg,5421
191660.jpg,5490
186503.jpg,5770
098774.jpg,6025
201449.jpg,6029
106131.jpg,6101
197827.jpg,6225
057227.jpg,6235
044656.jpg,6458
120798.jpg,6462
193643.jpg,6771
144338.jpg,7177
193910.jpg,7334
200366.jpg,7453
104487.jpg,7674
016084.jpg,7696
133693.jpg,8274
015081.jpg,8314
079505.jpg,8497
200673.jpg,8657
018798.jpg,8838
197230.jpg,8869
045118.jpg,8909
146815.jpg,8969
006659.jpg,9390
185932.jpg,9394
063410.jpg,9418
114289.jpg,9524
046088.jpg,9590
001471.jpg,9661
062516.jpg,9835
151499.jpg,9897
107298.jpg,9978
198303.jpg,10077
160097.jpg,10162
